title,Coments,points
1,,1
Scubla 2008 Cràtis Verduzzo (Colli Orientali del Friuli),good.,4
Pride Mountain 2012 Cabernet Franc (Sonoma County),good.,3
Leon Beyer 2012 Gewurztraminer (Alsace),good.,1
Tenuta Poggio il Castellare 2009  Brunello di Montalcino,good.,1
Fenestra 2010 Silvaspoons Vineyard Verdelho (Lodi),good.,1
Breggo 2008 Gewürztraminer (Anderson Valley),good.,4
Domaine Sigalas 2010 Asirtiko Athiri White (Santorini),good.,4
Yardstick 2013 Ruth's Reach Cabernet Sauvignon (Napa Valley),good.,1
Finca Las Moras 2007 Reserve Chardonnay (San Juan),good.,3
Adega Cooperativa de Borba 2012 Montes Claros Garrafeira Red (Alentejo),good.,3
Resalte 2010 Gran Resalte  (Ribera del Duero),good.,4
Carrick 2013 Unravelled Pinot Noir (Central Otago),good.,3
Philippe Fontaine NV Brut Prestige  (Champagne),good.,2
Kontos 2014 Summit View Vineyard Malbec (Walla Walla Valley (WA)),good.,5
Babcock 2010 Ocean's Ghost Pinot Noir (Sta. Rita Hills),good.,5
Kiwi Cuvée 2014 Bin 068 Chardonnay (Vin de France),good.,2
Domaine des Terrisses 2006 Grande Tradition Red (Gaillac),good.,4
Snoqualmie 2013 Eco Made with Organic Grapes Cabernet Sauvignon (Columbia Valley (WA)),good.,1
Domaine Barmès-Buecher 2014 Rosenberg Sylvaner (Alsace),good.,5
Paternoster 2007 Synthesi  (Aglianico del Vulture),good.,2
Duckhorn 2012 Rector Creek Vineyard Merlot (Napa Valley),good.,3
Valentina Cubi 2008 Morar  (Amarone della Valpolicella),good.,4
Folin Cellars 2015 Estate Viognier (Rogue Valley),good.,4
Deerfield Ranch NV Tawny Estate Syrah (Sonoma Valley),good.,2
Carabella 2013 Estate Pinot Noir (Chehalem Mountains),good.,3
Lane Tanner 2009 Julia's Vineyard Pinot Noir (Santa Maria Valley),good.,5
Iron Horse 2007 Ocean Reserve Sparkling (Green Valley),good.,5
Le Vigne 2014 Di Domenico Cabernet Sauvignon (Paso Robles),good.,3
G. H. Mumm NV Mumm de Cramant Blanc de Blancs Chardonnay (Champagne),good.,2
Terre Rouge 2014 Enigma White (Sierra Foothills),good.,5
Podere Scopetone 2012  Brunello di Montalcino,good.,2
Rochioli 2014 Sweetwater Chardonnay (Russian River Valley),good.,1
Lava Cap 2010 Battonage Chardonnay (El Dorado),good.,2
Fuchs 2015 Grüner Veltliner (Burgenland),good.,5
Rascal 2014 Pinot Noir (Oregon),good.,4
Edna Valley Vineyard 2013 Reserve Chardonnay (Edna Valley),good.,1
Mount Veeder 2008 Cabernet Sauvignon (Napa Valley),good.,3
Quinta dos Avidagos 2011 Avidagos Red (Douro),good.,2
Cascina La Ghersa 2009 Sivoy White (Monferrato),good.,4
Carlisle 2013 Pagani Ranch Zinfandel (Sonoma Valley),good.,4
Abbazia di Novacella 2012 Praepositus Passito Kerner (Alto Adige Valle Isarco),good.,4
J. Lohr 2014 Gesture G-S-M (Paso Robles),good.,3
Tilia 2011 Malbec (Mendoza),good.,2
Santa Ema 2008 Selected Terroir Chardonnay (Casablanca Valley),good.,1
Graci 2015 Rosso  (Etna),good.,2
Robert Mondavi 2011 Reserve Chardonnay (Carneros),good.,2
Poggio Argentiera 2012 Capatosta  (Morellino di Scansano),good.,1
Plantagenet 2014 Riesling (Great Southern),good.,5
Château Lamothe-Vincent 2008 Sauvignon  (Bordeaux Blanc),good.,4
Quiévremont 2012 Meritage (Virginia),good.,1
Château Pavillon de Boyrein 2006  Graves,good.,1
Grifalco 2013 Daginestra  (Aglianico del Vulture),good.,2
Château Notre Dame du Quatourze 2015 Rosé (Languedoc),good.,5
Príncipe de Viana 2008 Reserva 1423 Red (Navarra),good.,2
Sixteen by Twenty 2014 Chardonnay (Sonoma Coast),good.,3
Le Buche 2006 Giuseppe Olivi Memento Red (Toscana),good.,2
Vigneti Le Monde 2010 Pinot Grigio (Friuli Grave),good.,4
Kanonkop 2012 Estate Wine Pinotage (Simonsberg-Stellenbosch),good.,3
Antoine Moltès & Fils 2015 Tradition Pinot Gris (Alsace),good.,5
Benegas 2011 Benegas Lynch La Encerrada Estate Vineyard Malbec (Mendoza),good.,4
Domaines Schlumberger 2010 Kitterlé Grand Cru Riesling (Alsace),good.,5
Giacomo Ascheri 2003 Vigna dei Pola  (Barolo),good.,5
Perlage 2008 Col di Manza Extra Dry Millesimato  (Prosecco di Valdobbiadene),good.,5
Viticoltori Ponte NV Extra Dry  (Prosecco del Veneto),good.,4
Jean-Marc Bernhard 2013 Wineck-Schlossberg Grand Cru Riesling (Alsace),good.,1
Lagarde 2013 Henry Legarde Malbec (Luján de Cuyo),good.,4
Talamonti 2007 Cerasuolo Rosè  (Montepulciano d'Abruzzo),good.,3
Insania 2009 Red (Red Mountain),good.,5
Gård 2014 Grand Klasse Reserve Lawrence Vineyards Viognier (Columbia Valley (WA)),good.,4
Murphy-Goode 2000 Reserve Fume Sauvignon Blanc (Alexander Valley),good.,2
Duménil NV Grande Réserve Premier Cru Brut  (Champagne),good.,1
Chessman 2014 Cabernet Sauvignon (Santa Ynez Valley),good.,1
Pillitteri 2012 Reserve Icewine Vidal (Niagara-On-The-Lake),good.,1
Pablo del Villar 2010 Ipsum Verdejo-Viura (Rueda),good.,5
Viña Bisquertt 2007 Casa La Joya Reserve Merlot (Colchagua Valley),good.,2
Manzoni 2006 Lucia Highland Vineyard Chardonnay (Santa Lucia Highlands),good.,1
Berryessa Gap 2015 Albariño (Yolo County),good.,3
Borgogno F.lli Serio e Battista 2012  Barolo,good.,1
Agustí Torelló Mata 2015 XIC Xarel-lo (Penedès),good.,3
Midsummer Cellars 2013 Cañon Creek Vineyard Cabernet Sauvignon (Napa Valley),good.,2
Delaire Graff 2013 Reserve White (Coastal Region),good.,5
Tommasi 2001 Vigneto Santa Cecilia Chardonnay (Valdadige),good.,4
Boffa 2013 Pajè  (Barbaresco),good.,1
Jeaunaux-Robin NV Brut Zéro Sélection  (Champagne),good.,3
Lapostolle 2007 Casa Chardonnay (Casablanca Valley),good.,4
Solar de Pinheiro 2012 Paço de São Lourenço White (Vinho Verde),good.,3
Owen Roe 2009 Slide Mountain Vineyard Cabernet Franc (Yakima Valley),good.,3
L'Antica Quercia 2007 Arió Extra Dry  (Prosecco di Conegliano),good.,1
Seven Hills 2013 McClellan Estate Vineyard Malbec (Walla Walla Valley (WA)),good.,4
Le Cadeau 2015 Équinoxe Pinot Noir (Willamette Valley),good.,5
Monte Volpe 2013 Pinot Grigio (Mendocino),good.,1
Prospect 772 2014 Stepping Stones Grenache Blanc (Santa Barbara County),good.,5
Sieber Rd 2007 Viognier (Barossa Valley),good.,4
Conn Creek 2013 El Adobo Ranch Vineyard Cabernet Sauvignon (Chiles Valley),good.,1
Chehalem 2013 Ian's Reserve Chardonnay (Willamette Valley),good.,3
Chateau Ste. Michelle 2012 Canoe Ridge Vineyard Cabernet Sauvignon (Horse Heaven Hills),good.,2
Lionel Osmin & Cie 2016 La Réserve Petit Manseng (Vin de France),good.,3
Château Mougneaux 2014  Bordeaux Supérieur,good.,5
Marchesi Fumanelli 2005 Terso White (Veneto),good.,2
Benanti 2006 Edèlmio White (Sicilia),good.,5
Castello di Neive 2011 Metodo Classico Pinot Nero (Piemonte),good.,2
Sierra Starr 2014 Rising Starr Estate Bottled Cabernet Franc (Nevada County),good.,3
Château d'Esclans 2013 Les Clans Rosé (Côtes de Provence),good.,2
Vinavanti 2005 Le Bon Viveur Red (California),good.,4
Robert Weil 2014 Kiedrich Gräfenberg Trockenbeerenauslese Riesling (Rheingau),good.,2
Winzer Krems 2015 Rosé Zweigelt (Niederösterreich),good.,4
Byron 2009 Monument Pinot Noir (Santa Maria Valley),good.,4
Felix Lavaque 2010 Felix Malbec (Cafayate),good.,5
Bell 2009 Clone 6 Cabernet Sauvignon (Rutherford),good.,5
MICA Cellars 2009 Babcock Vineyard Cabernet Franc (Suisun Valley),good.,1
Livio Felluga 2009 Friulano (Colli Orientali del Friuli),good.,5
El Enemigo 2012 Bonarda (Mendoza),good.,4
Lapostolle 2002 Estate Bottled Merlot (Rapel Valley),good.,3
Acacia 2013 Pinot Noir (Carneros),good.,5
Saint Clair 2014 Pioneer Block 20 Dillons Point Cash Block Sauvignon Blanc (Marlborough),good.,1
Matarromera 2015 Fermentado en Barrica Verdejo (Rueda),good.,3
Castello di Amorosa 2011 King Ridge Vineyard Pinot Noir (Sonoma Coast),good.,5
Boude Baudin NV B. Zéro Brut Dosage  (Champagne),good.,5
Pradorey 2010 Vendimia Seleccionada Finca Valdelayegua Single Vineyard Crianza  (Ribera del Duero),good.,5
Montresor 2001  Bianco di Custoza,good.,5
Cherry Hill 2006 Papillon Estate Pinot Noir (Willamette Valley),good.,1
Domaine du Grand Cros 2011 L'Esprit de Provence Rosé (Côtes de Provence),good.,5
Santos & Seixo 2014 Santos da Casa Tinto Red (Alentejano),good.,5
Flying Goat Cellars 2012 Solomon Hills Vineyard Pinot Noir (Santa Maria Valley),good.,2
W.H. Smith 2012 Reserve Cabernet Sauvignon (Howell Mountain),good.,5
Sommariva NV Palazzo Rosso Brut  (Prosecco di Conegliano),good.,2
The Withers Winery 2013 Charles Vineyard Pinot Noir (Anderson Valley),good.,1
World's End 2013 If Six Was Nine Reserve Cabernet Sauvignon (Napa Valley),good.,4
"Monte De Oro 2006 Reserve, Vista del Monte Vineyard Syrah (Temecula Valley)",good.,4
Handley 2009 Gewürztraminer (Anderson Valley),good.,2
Courtney Benham 2014 Cabernet Sauvignon (Napa Valley),good.,2
Wakefield 2013 St. Andrews Single Vineyard Release Shiraz (Clare Valley),good.,3
Dosio 2012  Nebbiolo d'Alba,good.,5
Cloudy Bay 2014 Sauvignon Blanc (Marlborough),good.,2
Castello d'Albola 2003  Vin Santo del Chianti Classico,good.,5
Oro de Castilla 2010 Solo Verdejo (Rueda),good.,4
Sanctuary 2013 Bien Nacido Vineyard Pinot Noir (Santa Maria Valley),good.,4
Henry Fessy 2015  Juliénas,good.,1
Robert Foley 2008 The Griffin Red (Napa Valley),good.,1
Casa de Vilacetinho 2013 Bruto Avesso (Vinho Verde),good.,5
Rex Hill 2014 Sims Vineyard Pinot Noir (Willamette Valley),good.,1
Clark-Clauden 2007 Cabernet Sauvignon (Napa Valley),good.,2
Delheim 2001 Grand Reserve Cabernet Sauvignon (Simonsberg-Stellenbosch),good.,4
Turiya 2011 Stolpman Vineyard Sangiovese (Ballard Canyon),good.,2
Terrapura 2012 Merlot (Curicó Valley),good.,5
Beaver Creek 2008 Fairytale Red (Napa Valley),good.,3
J. Scott Cellars 2015 Albariño (Oregon),good.,4
Mendel 2015 Semillon (Mendoza),good.,5
Yvon Mau 2007 Premius Bordeaux Sauvignon  (Bordeaux Blanc),good.,1
Cloud 9 2006 Seity Zinfandel (Amador County),good.,2
J. & F. Lurton 2007 Herederos de François Lurton Villafrance de Duero Red (Vino de la Tierra de Castilla y León),good.,1
Benvenuto de la Serna 2010 Trisagio Malbec-Petit Verdot-Tannat Red (Valle de Uco),good.,2
Valiano 1997 Vino in Musica Sangiovese (Toscana),good.,3
Leyda 2015 Single Vineyard Falaris Hill Chardonnay (Leyda Valley),good.,2
Marco Cecchini 2010 Tovè White (Colli Orientali del Friuli),good.,5
Covington 2006 Rough House Red Red (Walla Walla Valley (WA)),good.,3
Serpaia di Endrizzi 2010 Dono Riserva  (Morellino di Scansano),good.,1
Parallel 2010 Fortune Teller Cabernet Sauvignon (Napa Valley),good.,1
Oldenburg 2013 Chardonnay (Stellenbosch),good.,2
Fratelli Zeni 2000 Vigne Alte  (Bianco di Custoza),good.,1
Kooyong 2013 Farrago Chardonnay (Mornington Peninsula),good.,5
Hartenberg 2007 Cabernet Sauvignon (Stellenbosch),good.,3
Pacific Ridge 2009 Red Label Pinot Noir (Sta. Rita Hills),good.,3
Cueva de las Manos 2007 Reserve Malbec (Luján de Cuyo),good.,1
Stevens 2016 StevensSteel Chardonnay (Yakima Valley),good.,3
Goats do Roam Wine Co. 2008 Goat-Roti Syrah-Viognier (Coastal Region),good.,4
Cape View 2011 Chenin Blanc (Stellenbosch),good.,5
Torbreck 2010 The Factor Shiraz (Barossa Valley),good.,2
Emiliana 2008 Natura Chardonnay (Casablanca Valley),good.,2
Or Haganuz 2014 French Blend Red (Galilee),good.,3
Borgo Conventi 2002 I Fiori del Borgo Sauvignon Blanc (Collio),good.,3
Dopff & Irion 2004 Schoenenbourg Grand Cru Vendanges Tardives Riesling (Alsace),good.,2
Firesteed 2012 Riesling (Oregon),good.,4
Monte da Penha 2005 Grande Reserva Red (Alentejo),good.,1
Brutocao 2006 Reserve Zinfandel (Mendocino),good.,3
Quinta do Vallado 2009 Sousão (Douro),good.,2
Weingut Liebfrauenstift 2014 Dry Riesling (Rheinhessen),good.,4
L'Antica Quercia 2007 Matiú Brut  (Prosecco di Conegliano),good.,5
Niner 2013 Estate Grown Cabernet Sauvignon (Paso Robles),good.,3
Maximin Grünhäuser 2015 Trocken Riesling (Mosel),good.,3
Roland Champion NV Brut Rosé  (Champagne),good.,2
Tenuta Peter Sölva & Söhne 2007 De Silva Sauvignon (Alto Adige),good.,2
Dr. H. Thanisch (Erben Thanisch) 2014 Thanisch Kabinett Riesling (Mosel),good.,4
Quinta do Sagrado 2008 VT '08 Red (Douro),good.,2
Cantina Terlano 2002 Terlano Classico White (Alto Adige),good.,1
Banyan 2007 Riesling (Santa Lucia Highlands),good.,4
Casa Julia 2001 Reserve Cabernet Sauvignon (Maipo Valley),good.,5
Ferrari 2001 Giulio Ferrari Riserva del Fondatore Chardonnay (Trento),good.,5
Marsuret NV Extra Dry  (Prosecco di Valdobbiadene),good.,2
Treleaven 2006 Semi-Dry Riesling (Cayuga Lake),good.,5
Phoenix Ranch 2009 Estate Viognier (Napa Valley),good.,5
Vinosia 2006 Vecchie Vigne  (Primitivo di Manduria),good.,4
Aleo 2009 Tempranillo (Vino de la Tierra de Castilla y León),good.,1
Midnight 2013 Starlight Sangiovese (Paso Robles),good.,1
Marqués de Murrieta 2010 Capellanía Viura (Rioja),good.,4
Falcor 2005 Sangiovese (Napa Valley),good.,3
Marchesi di Barolo 2009 Riserva  (Barolo),good.,5
Château de Pressac 2014 Les Terrasses de Pressac  (Saint-Émilion),good.,1
Carpineto 2003 Riserva  (Vino Nobile di Montepulciano),good.,3
La Vis 2001 Bianco dei Sorni White (Trentino),good.,5
Val d'Oca 2008 Millesimato Extra Dry  (Prosecco di Valdobbiadene),good.,3
Perlage 2008 Canah Brut  (Prosecco di Valdobbiadene),good.,2
Canicattì 2009 Aynat Nero d'Avola (Sicilia),good.,5
Dr. Loosen 2011 Wehlener Sonnenuhr Kabinett Riesling (Mosel),good.,1
Stoneleigh 2008 Sauvignon Blanc (Marlborough),good.,5
Finn Hill 2013 Soleil Sauvignon Blanc (Wahluke Slope),good.,4
Suavia 2011  Soave Classico,good.,1
Beringer 2007 Alluvium Blanc White (Knights Valley),good.,5
Cooper-Garrod 2012 Gravel Ridge Vineyard Chardonnay (Santa Cruz Mountains),good.,1
Willamette Valley Vineyards 2009 Estate Pinot Noir (Willamette Valley),good.,1
D.R. Stephens 2014 Silver Eagle Vineyard Pinot Noir (Sonoma Coast),good.,4
Fattoria La Rivolta 2015 Taburno Fiano (Sannio),good.,4
Von Schleinitz 2015 Apollo Dry Riesling (Mosel),good.,3
Hawkins Cellars 2009 Pinot Noir (Willamette Valley),good.,4
Blue Rock 2005 Estate Cabernet Sauvignon (Alexander Valley),good.,5
Fattoria Alois 2007 Campole Red (Campania),good.,5
Rainstorm 2013 Pinot Gris (Willamette Valley),good.,3
G7 2012 Reserva Estate Bottled Cabernet Sauvignon (Loncomilla Valley),good.,2
Carmen 2014 Gran Reserva Carmenère (Colchagua Valley),good.,2
Big Basin 2013 Syrah (Santa Cruz Mountains),good.,1
Cave de Viré 2015 Grande Réserve du Président  (Mâcon-Villages),good.,5
Qupé 2013 Sawyer Lindquist Vineyard Grenache (Edna Valley),good.,1
Boffa 2006 Nebbiolo (Langhe),good.,1
Gaucho Andino 2011 Winemaker Selection Malbec (Mendoza),good.,2
Graffigna 2012 Grand Reserve Malbec (San Juan),good.,4
Finca Sophenia 2011 Synthesis Malbec (Tupungato),good.,4
Aresti 2014 Special Release Reserva Carmenère (Rapel Valley),good.,3
Yalumba 2006 Patchwork Shiraz (Barossa),good.,1
Beringer 2014 Quantum Red (Napa Valley),good.,1
Limerick Lane 2013 Hail Mary Syrah-Grenache (Russian River Valley),good.,5
Wrath 2013 Destruction Level Red (Monterey),good.,1
RustRidge 2010 Estate Bottled Chardonnay (Napa Valley),good.,5
Kuentz-Bas 2014 Pfersigberg Grand Cru Riesling (Alsace),good.,4
Matrix 2007 Stuhlmuller Vineyard Chardonnay (Alexander Valley),good.,5
Poggio Alloro 2014 Le Mandorle Riserva  (Vernaccia di San Gimignano),good.,3
Le Cadeau 2011 Blanc de Noir Sparkling (Oregon),good.,4
Castello di Gabbiano 2012 Bellezza Gran Selezione  (Chianti Classico),good.,4
Casa Dumetz 2014 Larner Grenache (Ballard Canyon),good.,5
Fattoria Sardi 2015 Rosato (Toscana),good.,5
Finca del Marquesado 2013 Crianza  (Rioja),good.,5
Le Cadeau 2014 Pinot Noir (Willamette Valley),good.,4
San Michele Eppan 2002 Sanct Valentin Gewürztraminer (Alto Adige),good.,4
Jardin 2009 Nine Yards Chardonnay (Stellenbosch),good.,2
Amalie Robert 2012 i Pinot Noir (Willamette Valley),good.,2
Cascina Bruciata 2013  Barbaresco,good.,5
Punset 2011 Campo Quadro Riserva  (Barbaresco),good.,3
Le Cadeau 2015 Diversité Pinot Noir (Willamette Valley),good.,5
Hayman & Hill 2007 Reserve Selection Chardonnay (Russian River Valley),good.,2
Herdade Grande 2010 Gerações Colheita Seleccionada Red (Alentejano),good.,5
Aquinas 2008 Cabernet Sauvignon (Napa Valley),good.,5
Terlan 2014 Nova Domus Riserva White (Alto Adige),good.,5
Castello di Amorosa 2009 La Castellana Red (Napa Valley),good.,3
Spyro 2014 Albariño (Rías Baixas),good.,4
Silvan Ridge 2006 Reserve Pinot Noir (Willamette Valley),good.,4
Chateau Dereszla 2014 Dry  (Tokaji),good.,1
San Pedro de Yacochuya 2012 Red (Salta),good.,5
L.A. Cetto 1996 Private Reserve Nebbiolo (Valle de Guadalupe),good.,1
Stemmari 2013 Dalila White (Terre Siciliane),good.,1
Astoria 2008 Extra Dry  (Prosecco di Valdobbiadene),good.,2
Messias 2015 Santola White (Vinho Verde),good.,2
Padis 2012 Cabernet Sauvignon (Napa Valley),good.,4
Manoir du Carra 2013  Beaujolais-Villages,good.,4
Domaine Franck Besson 2014 Le Griottier  (Juliénas),good.,5
Market Vineyards 2008 Dividend Syrah (Columbia Valley (WA)),good.,1
Torbreck 2012 Descendant Shiraz-Viognier (Barossa Valley),good.,2
Woodinville Wine Cellars 2012 Little Bear Creek Red (Columbia Valley (WA)),good.,2
Coiled 2009 Sidewinder Red,good.,3
Vincent Vineyards 2012 Family Reserve Cabernet Sauvignon (Santa Ynez Valley),good.,2
Giacomo Ascheri 2001 Sorano  (Barolo),good.,5
Conde de Velázquez 2012 Condesa Real Premium Blend Red (Aconcagua Valley),good.,3
Louis Bernard 2009 Red (Côtes du Rhône Villages),good.,1
Colter's Creek 2010 Koos-Koos-Kia Colter's Creek Vineyard Red (Idaho),good.,2
Hanna 2011 Sauvignon Blanc (Russian River Valley),good.,1
Walla Walla Vintners 2013 Cabernet Sauvignon (Walla Walla Valley (WA)),good.,4
Claiborne & Churchill 2014 Claiborne Vineyard Riesling (Edna Valley),good.,1
Aveleda NV Casal Garcia Rosé Sparkling (Vinho Verde),good.,5
Marchesi de' Frescobaldi 2014 Castiglioni Red (Toscana),good.,1
Cline 2007 Ancient Vines Zinfandel (California),good.,2
Bellussi NV Extra Dry  (Prosecco di Valdobbiadene),good.,2
Meeker 2004 Kiss Ridge Vineyard Cabernet Sauvignon (Diamond Mountain District),good.,3
Jacob's Creek 2015 Classic Pinot Grigio (South Eastern Australia),good.,1
Cantina Terlano 2000 Vorberg Pinot Bianco (Alto Adige),good.,1
Maritávora 2009 Reserva Branco White (Douro),good.,2
Pura 8 2010 Grand Reserve Pinot Noir (Rapel Valley),good.,1
Tenuta San Giorgio 2012 Ciampoleto  (Rosso di Montalcino),good.,3
Qupé 2013 Doux Sawyer Lindquist Vineyard Marsanne (Edna Valley),good.,5
Rochioli 2014 South River Chardonnay (Russian River Valley),good.,2
Lieb 2015 Bridge Lane Rosé (New York),good.,2
Ceago Vinegarden 2001 Kathleen's Vineyard Sauvignon Blanc (Mendocino County),good.,2
Akarua 2012 Bannockburn Pinot Noir (Central Otago),good.,5
Jean Milan NV Grande Réserve Blanc de Blancs Grand Cru Brut Chardonnay (Champagne),good.,4
Vino V 2005 White Hawk Vineyard Syrah (Santa Barbara County),good.,4
Poggioventoso 2015 Poetico White (Toscana),good.,4
Vinoce 2001 Sauvignon Blanc (Rutherford),good.,2
St. Julian 2013 Reserve Late Harvest Riesling (Lake Michigan Shore),good.,4
Acrobat 2013 Pinot Noir (Oregon),good.,4
Morlanda 2007 Criança Red (Priorat),good.,5
Domaine Bousquet 2015 Reserve Pinot Gris (Tupungato),good.,2
Dutton-Goldfield 2014 Dutton Ranch Pinot Noir (Russian River Valley),good.,3
La Chablisienne 2006 Les Vénérables Vieilles Vignes  (Chablis),good.,5
Testarossa 2013 Guidotti Vineyard Pinot Noir (Santa Lucia Highlands),good.,1
Lavau 2015 La Decelle Red,good.,4
Erath 2009 Bishop Creek Pinot Noir,good.,5
Kynsi 1999 Paragon Vineyard Pinot Noir (Edna Valley),good.,2
Kaiken 2008 Corte Malbec-Bonarda-Petit Verdot Red (Mendoza),good.,3
Carmen 2000 Estate Grown Reserve Cabernet Sauvignon (Maipo Valley),good.,2
Corte Falco 2010  Soave,good.,1
Vignobles 46N118 2007 Noir 46 Malbec (Cahors),good.,2
Pascual Toso 2007 Reserve Las Barrancas Vineyards Cabernet Sauvignon (Mendoza),good.,1
Raptor Ridge 2012 Estate Grüner Veltliner (Chehalem Mountains),good.,4
Terrazas de Los Andes 2015 Reserva Torrontés (Salta),good.,4
Foretell 2012 Cabernet Sauvignon (Spring Mountain District),good.,3
Michele Chiarlo 2011 Le Marne  (Gavi),good.,2
Paolo Manzone 2012 Meriame  (Barolo),good.,4
The White Knight 2011 Riesling (Lake County),good.,1
Fable Mountain 2011 Night Sky Red (Coastal Region),good.,3
Failla 2013 Keefer Ranch Pinot Noir (Russian River Valley),good.,4
Palladino 2011 Ornato  (Barolo),good.,5
Malat 2015 Crazy Creatures Grüner Veltliner (Kremstal),good.,5
Domaine Berthoumieu 2013 Charles de Batz Tannat-Cabernet (Madiran),good.,2
Strauss 2016 Classic Sauvignon Blanc (Südsteiermark),good.,1
Claiborne & Churchill 2010 Pinot Noir (Edna Valley),good.,5
Domaine Sainte-Marie 2014 VieVité Extraordinaire Rosé (Côtes de Provence),good.,3
Manyana 2008 Tempranillo (Cariñena),good.,1
Domaine Roland Schmitt 2014 Grand A du Petit Léon Sylvaner (Alsace),good.,1
Treana 2008 Treana Red Cabernet Sauvignon-Syrah (Paso Robles),good.,3
Famille Perrin 2013 Les Christins Red (Vacqueyras),good.,1
Stemmari 2013 Nero d'Avola (Terre Siciliane),good.,1
Rodney Strong 2012 Charlotte's Home Estate Sauvignon Blanc (Northern Sonoma),good.,5
Sebastiani 1991 Cherryblock Vineyard Cabernet Sauvignon (Sonoma Valley),good.,1
Clos Troteligotte 2013 K-libre Chenin Blanc (Côtes du Lot),good.,5
Dancing Bull 2007 Sauvignon Blanc (California),good.,5
Henri de Villamont 2010 Les Feusselottes Premier Cru  (Chambolle-Musigny),good.,3
Vranken NV Demoiselle Tête de Cuvée Brut  (Champagne),good.,2
Cupcake 2016 Rosé (California),good.,1
Ken Forrester 2011 Petit Chenin Blanc (Western Cape),good.,2
Forstreiter 2012 Schiefer Reserve Grüner Veltliner (Kremstal),good.,3
Rafael Cambra 2012 Soplo Garnacha Tintorera (Valencia),good.,4
Kokomo 2008 Petite Sirah (Dry Creek Valley),good.,4
Château Maison Noble Saint Martin 2015 Château Jean de Bel Air  (Bordeaux),good.,1
Paladin 2007 Millesimato Brut Prosecco (Veneto),good.,1
Ledgewood Creek 2007 Estate Grown Viognier (Suisun Valley),good.,5
Jardin 2007 Syrah (Stellenbosch),good.,2
Ignacio Marín 2015 Wine Wings Garnacha Rosé (Cariñena),good.,4
Cobb 2012 Emmaline Ann Vineyard Pinot Noir (Sonoma Coast),good.,2
Pull 2013 Chardonnay (Paso Robles),good.,5
Algodon 2008 Estate Blend Gran Reserva Red,good.,4
Feudo Montoni 2008 P Pinot Noir (Sicilia),good.,3
Les Vins Aujoux 2013 Belle Grâce  (Beaujolais-Villages),good.,1
Pata Negra NV Brut Sparkling (Cava),good.,1
Macari 2010 Cuvée Gabriella Brut Rosé Sparkling (North Fork of Long Island),good.,3
Center of Effort 2008 Effort Chardonnay (Edna Valley),good.,5
Autumn Hill 2007 Petit Verdot-Merlot Red (Monticello),good.,2
Melhill 2012 Chardonnay (Sonoma Coast),good.,1
Pommery NV Pop Rosé Extra Dry  (Champagne),good.,1
Domaine Faiveley 2014  Gevrey-Chambertin,good.,5
Felten Cellars 2013 Tempranillo (Paso Robles),good.,4
Bloomer Creek 2006 Gewürztraminer (Finger Lakes),good.,2
J. Davies 2012 Jamie Cabernet Sauvignon (Diamond Mountain District),good.,2
McIntyre Vineyards 2006 Mission Ranch Pinot Noir (Arroyo Seco),good.,4
Y Rousseau 2012 Le Roi Soleil Cabernet Sauvignon (Mount Veeder),good.,2
Mas de Cadenet 2015 Mas Negrel Cadenet Rosé (Côtes de Provence Sainte-Victoire),good.,4
El Coto 2011 Rosado Rosé (Rioja),good.,4
Majolini 2006 Pas Dosé Aligi Sassu Chardonnay (Franciacorta),good.,1
Trimbach 2012 Gewurztraminer (Alsace),good.,1
Frédéric Brouca 2013 Samsó Seulle Cinsault (Vin de France),good.,3
R2 2013 Camp 4 Vineyard Grenache Blanc (Santa Ynez Valley),good.,3
De Loach 2008 Thornton Vineyard Pinot Noir (Sonoma Coast),good.,4
Kuentz-Bas 2007 Cuvée Jerémy Sélection de Grains Nobles Pinot Gris (Alsace),good.,5
Domaine du Tariquet 2007 Ugni Blanc-Colombard (Vin de Pays des Côtes de Gascogne),good.,3
Bunnell 2011 ALX Syrah (Columbia Valley (WA)),good.,2
Trinity River 2015 Chardonnay,good.,5
Andean Sky 2007 Bonarda (Mendoza),good.,3
Davis Family 2014 Starr Ridge Vineyard Pinot Noir (Russian River Valley),good.,1
Domaine de la Bastide Blanche 2014 TwoB Rosé (Côtes de Provence),good.,1
J. & F. Lurton 2006 Gran Araucano Cabernet Sauvignon (Colchagua Valley),good.,4
Easton 2014 Zinfandel (Amador County),good.,1
Tres Palacios 2011 Reserve Pinot Noir (Maipo Valley),good.,3
Vignerons des Terres Secrètes 2015  Mâcon-Milly Lamartine,good.,3
Purple Hands 2014 Freedom Hill Vineyard Pinot Noir (Willamette Valley),good.,5
Claudia Springs 2007 Zinfandel (Mendocino County),good.,4
Keuka Spring 2013 Pre-Emption Vineyard Gewürztraminer (Finger Lakes),good.,3
Basel Cellars 2013 Inspired Red (Columbia Valley (WA)),good.,4
Ribafreixo 2015 Pato Frio Antão Vaz (Alentejo),good.,2
Proemio 2009 Gran Reserve Winemaker's Selection Red (Mendoza),good.,3
Pierre Gimonnet et Fils 2005 Oenophile Premier Cru Blanc de Blancs Extra Brut Chardonnay (Champagne),good.,4
Cottanera 2015 Bianco  (Etna),good.,1
Montresor 2003 Capitel della Crosara  (Amarone della Valpolicella Classico),good.,1
Ridolfi 2012  Rosso di Montalcino,good.,4
Sipp Mack 2014 Rosacker Grand Cru Riesling (Alsace),good.,5
Revello Fratelli 2012 Rocche dell'Annunziata  (Barolo),good.,2
Gini 2002 Classico  (Soave),good.,4
Château de Campuget 2016 Tradition Rosé (Costières de Nîmes),good.,5
Consorzio Vini Tipici di San Marino NV Moscato (San Marino),good.,2
Château Ségonzac 2014 Vieilles Vignes  (Blaye Côtes de Bordeaux),good.,4
Quinta do Vallado 2010 Reserva Branco White (Douro),good.,3
Borgo Maragliano NV Brut Chardonnay (Piedmont),good.,5
Feudi di San Marzano 2011 I Tratturi Primitivo (Puglia),good.,1
Heinz Eifel 2013 Shine Gewürztraminer (Rheinhessen),good.,1
Ventosa 2015 Pinot Gris (Finger Lakes),good.,2
Pizzolato 2007  Prosecco del Veneto,good.,2
De Martino 2010 347 Vineyards Sauvignon Blanc (Central Valley),good.,5
Sparkman 2009 Stella Mae Red (Red Mountain),good.,4
2nd Chance 2009 Pinot Noir (Santa Maria Valley),good.,1
Gunter Triebaumer NV Muscato Moscato (Österreichischer Sekt),good.,5
Bernard Magrez 2012 La Sérénité des Grands Chênes  (Médoc),good.,3
Falua 2015 Conde Vimioso Colheita Seleccionada Branco White (Tejo),good.,3
Casa Larga 2008 Fiori Delle Stelle Ice Wine Cabernet Franc (Finger Lakes),good.,1
Clos d'Argentine 2013 Winemaker's Selection Reserva Malbec (Mendoza),good.,2
Eikendal 2014 Chardonnay (Western Cape),good.,1
Moncaro 2015 Le Vele  (Verdicchio dei Castelli di Jesi Classico),good.,2
Vigneti Le Monde 2010 Sauvignon (Friuli Grave),good.,1
Mitolo 2016 Jester Sangiovese Rosé (McLaren Vale),good.,3
Herdade Grande 2015 Audaz Branco White (Alentejano),good.,5
Pizzolato NV Stefany Extra Dry  (Prosecco del Veneto),good.,3
Bel Colle 2012 Simposio  (Barolo),good.,2
Oldenburg 2014 Chenin Blanc (Stellenbosch),good.,4
Sant Eurosia 2007 Millesimato Dry  (Prosecco di Valdobbiadene),good.,3
Frank Family 2013 Reserve Winston Hill Vineyard Sangiovese (Rutherford),good.,3
G7 2012 The 7th Generation Gran Reserva Estate Bottled Cabernet Sauvignon (Loncomilla Valley),good.,5
Leaping Horse 2013 Chardonnay (California),good.,5
Biecher & Schaal 2014 Altenberg de Bergheim Grand Cru White (Alsace),good.,3
Harrington 2006 Wiley Vineyard Pinot Noir (Anderson Valley),good.,1
Wittmann 2015 Trocken Scheurebe (Rheinhessen),good.,1
Isole e Olena 2005  Chianti Classico,good.,1
El Coto 2010 Viura (Rioja),good.,5
Dogwood 2005 Cabernet Sauvignon (Mendocino),good.,4
Dracaena 2013 Cabernet Franc (Paso Robles),good.,3
Kono 2008 Sauvignon Blanc (Marlborough),good.,3
Ektimo Vineyards 2014 Pinot Noir (Russian River Valley),good.,4
Jean-Baptiste Adam 2012 Les Natures Pinot Gris (Alsace),good.,5
Testarossa 2015 Rincon Vineyard Chardonnay (Arroyo Grande Valley),good.,5
Tasca d'Almerita 2011 Sallier de la Tour Inzolia (Sicilia),good.,1
Pierre Sparr 2008 Alsace One White (Alsace),good.,1
Donkey & Goat 2013 Perli Vineyards Syrah (Mendocino Ridge),good.,2
Chambers Rosewood Vineyards NV Rare Muscat (Rutherglen),good.,4
Vall Llach 2007 Idus Red (Priorat),good.,4
Soquel Vineyards 2013 Intreccio Library Selection Red (Napa Valley),good.,2
Fess Parker 2013 Syrah (Santa Barbara County),good.,2
Quinta da Lagoalva de Cima 2013 Lagoalva Barrel Selection Tinto Red (Tejo),good.,1
Cramele Recas 2009 Chardonnay (Recas),good.,5
JCB 2014 No. 5 Rosé (Côtes de Provence),good.,5
Robert Mondavi 2008 Cabernet Sauvignon (Napa Valley),good.,2
Quiévremont 2012 Vin de Maison Red (Virginia),good.,3
Kontos 2011 Les Collines Vineyard Syrah (Walla Walla Valley (WA)),good.,3
Yalumba 2016 Made With Organic Grapes Chardonnay (South Australia),good.,1
Viña Tarapacá 2015 Gran Reserva Chardonnay (Leyda Valley),good.,5
Red Newt Cellars 2007 Riesling (Finger Lakes),good.,4
Quinta de Paços 2015 Casa de Paços Rosé (Vinho Verde),good.,5
Pierre Sparr 2007 Vendages Tardives Gewurztraminer (Alsace),good.,2
H. Blin 2003 Édition Limitée Extra Brut  (Champagne),good.,5
Esterlina 2009 Reserva Pinot Noir (Cole Ranch),good.,5
Mosquito Fleet 2011 Reserve 34 Cabernet Sauvignon (Red Mountain),good.,3
Le Vigne di Alice 2008 Millesimato Extra Dry  (Prosecco di Conegliano e Valdobbiadene),good.,3
Château Mayne Vieil 2014  Fronsac,good.,3
Dopff & Irion 2008 Crustacés White (Alsace),good.,3
Château les Petits Arnauds 2014 Tradition  (Blaye Côtes de Bordeaux),good.,1
Ronco del Gelso 1999 Chardonnay (Friuli),good.,3
Finca Constancia 2011 Parcela 23 Tempranillo (Vino de la Tierra de Castilla),good.,2
Steininger 2016 Grüner Veltliner (Kamptal),good.,3
Iron Horse 2013 Thomas Road Pinot Noir (Green Valley),good.,1
MCV 2014 1105 Red (Paso Robles),good.,1
Wagner 2006 Grace House Pinot Noir (Finger Lakes),good.,4
Mémoires 2015 Rosé (Coteaux Varois en Provence),good.,4
Walt 2013 Pinpoint Extreme Pinot Noir (Russian River Valley),good.,5
Alleromb 2014 La Reyna Blanca Vineyard Chardonnay (Columbia Valley (WA)),good.,2
Pull 2012 BDX Red (Paso Robles),good.,4
Passing Time 2013 Cabernet Sauvignon (Horse Heaven Hills),good.,5
Lassègue 2003  Saint-Émilion,good.,1
Stoller 2013 Nancy's Pinot Noir (Dundee Hills),good.,5
Fabiano 2006 Argillaia  (Lugana),good.,2
Hungerford Hill 2008 Heavy Metal Shiraz (South Eastern Australia),good.,1
Domaines Schlumberger 2012 Kessler Grand Cru Pinot Gris (Alsace),good.,2
Anaba 2007 Chardonnay (Sonoma Coast),good.,2
Kohl 2015 Kittl Grüner Veltliner (Weinviertel),good.,2
Chehalem 2015 Stoller Vineyards Pinot Blanc (Dundee Hills),good.,3
Limerick Lane 2013 Headpruned Block Syrah (Russian River Valley),good.,4
Poderi Colla 2005 Costa Bruna  (Barbera d'Alba),good.,3
Alain Jaume et Fils 2009 Réserve Grand Veneur Red (Côtes du Rhône),good.,4
Cortes de Cima 2015 Rosé (Alentejano),good.,4
Torbreck 2013 Cuvee Juveniles Red (Barossa Valley),good.,1
Casa Santa Vitória 2013 Grande Reserva Tinto Red (Alentejano),good.,1
De Martino 1999 Reserva de la Familia Carmenère (Maipo Valley),good.,5
Raconteur 2016 White (Washington),good.,4
Bella 2009 Big River Ranch Zinfandel (Alexander Valley),good.,2
Loring Wine Company 2014 Durell Vineyard Pinot Noir (Sonoma Coast),good.,1
Z'IVO 2015 Rosé of Pinot Noir (Eola-Amity Hills),good.,3
Château de Sours 2011 La Fleur d'Amélie  (Bordeaux Blanc),good.,5
Cavallotto 2010 Vignolo Riserva  (Barolo),good.,5
Array 2012 Dijon Clone Chardonnay (Yakima Valley),good.,5
Château Cap Saint-Martin 2014  Blaye Côtes de Bordeaux,good.,4
Michael Pozzan 2010 Annabella Pinot Noir (Carneros),good.,4
Fuse 2009 Cabernet Sauvignon (Napa Valley),good.,2
Truchard 2012 Estate Cabernet Sauvignon (Carneros),good.,4
Kilikanoon 2009 Green's Vineyard Shiraz (Barossa Valley),good.,2
Vollereaux 2007 Cuvée Marguerite Brut  (Champagne),good.,5
Domaine du Haut-Poncié 2013 Roche Grès  (Moulin-à-Vent),good.,3
Pecchenino 2013 Siri d'Jermu  (Dogliani Superiore),good.,4
Samuel Tinon 2015 Megyer Dry Furmint (Tokaj),good.,4
Viña Bisquertt 2007 Casa la Joya Reserve Syrah (Colchagua Valley),good.,1
Château Bois Chantant 2015  Bordeaux Supérieur,good.,2
Henri de Villamont 2010 Blagny Premier Cru  (Meursault),good.,3
Ruffino 2010 Riserva Ducale Oro Gran Selezione  (Chianti Classico),good.,5
Richard Böcking 2013 Devon Riesling (Mosel),good.,1
Jacopo Biondi-Santi 2008 Castello di Montepò  (Morellino di Scansano),good.,2
Château Vignelaure 2015 Rosé (Coteaux d'Aix-en-Provence),good.,3
Paradise Ridge 2012 Rockpile Vineyard Cabernet Sauvignon (Rockpile),good.,1
Rideau 2014 Estate Syrah,good.,3
Bellavista 2006 Gran Cuvée Pas Operé Sparkling (Franciacorta),good.,3
Benessere 2005 Costa Del Sol Red (Napa Valley),good.,2
Chronic Cellars 2013 Mr. Nibbles Red (Paso Robles),good.,5
Mounts 2008 Estate Grown Syrah (Dry Creek Valley),good.,3
Château Mille-Roses 2012  Margaux,good.,1
Clos La Chance 2006 Lila's Cuvée Red (Central Coast),good.,2
Camaraderie 2009 Tempranillo (Yakima Valley),good.,1
Luberri 2011 Seis  (Rioja),good.,4
J. Christopher 2011 Bella Vida Vineyard Unfiltered Pinot Noir (Dundee Hills),good.,5
Georges Duboeuf 2013 Flower Label  (Beaujolais),good.,1
Silvertip 2014 Unfiltered Estate Pinot Noir (Santa Cruz Mountains),good.,1
Terre di Giurfo 2011 Mascaria Barricato  (Cerasuolo di Vittoria),good.,5
St. Amant 2013 Lodi Native Marian's Vineyard Zinfandel (Mokelumne River),good.,2
Winzer Krems 2011 Kellermeister Privat Goldberg Grüner Veltliner (Kremstal),good.,4
Cono Sur 2008 Visión Pinot Noir (Colchagua Valley),good.,2
Heron Hill 2015 Ingle Vineyard Riesling (Finger Lakes),good.,1
Passaggio 2014 Blau Vineyards Merlot (Knights Valley),good.,2
Brian Carter Cellars 2012 Tuttorosso Red (Yakima Valley),good.,3
Robert Hall 2011 Sauvignon Blanc (Paso Robles),good.,1
Aresti 2007 Reserva Merlot (Curicó Valley),good.,4
Flying Goat Cellars 2012 Rancho Santa Rosa Vineyard Pinot Noir (Sta. Rita Hills),good.,3
Jack's House 2013 Cabernet Sauvignon (California),good.,2
Pardon et Fils 2015 Les Quartelets  (Brouilly),good.,1
Bianchi 2011 Signature Selection Merlot (Paso Robles),good.,4
Winzer Krems 2016 GV Grüner Veltliner (Niederösterreich),good.,5
Tumwater 2014 Prince Hill Vineyard Reserve Pinot Noir (Dundee Hills),good.,1
Poet's Leap 2014 Riesling (Columbia Valley (WA)),good.,1
Raphael 2014 Virgin Berry Riesling (North Fork of Long Island),good.,3
Paul O'Brien 2014 Bradley Vineyard Pinot Noir (Umpqua Valley),good.,5
Terre Rouge 2013 Vin Doux Naturel Muscat Blanc à Petits Grains (Shenandoah Valley (CA)),good.,2
Dopff & Irion 2008 Gentil White (Alsace),good.,3
Pech Merle 2013 Treborce Vineyard Zinfandel (Dry Creek Valley),good.,2
Amity 2006 Riesling (Willamette Valley),good.,2
Barlow 2009 Unfiltered Merlot (Calistoga),good.,3
Nottingham Cellars 2012 Ghielmetti Vineyard Micro-lot Reserve Malbec (Livermore Valley),good.,1
X 2008 White X White (North Coast),good.,2
Morro Bay 2006 Split Oak Vineyard Cabernet Sauvignon (California),good.,5
Château La Branne 2014  Médoc,good.,4
Quinta do Monte Xisto 2013 Red (Douro),good.,1
Simonnet-Febvre 2015  Chablis,good.,4
Quinta de Foz de Arouce 2013 Red (Beira Atlantico),good.,2
Reichsgraf von Kesselstatt 2014 Brauneberger Juffer-Sonnenuhr Spätlese Grosse Lage Riesling (Mosel),good.,3
Feudi del Pisciotto 2010 Missoni Cabernet Sauvignon (Sicilia),good.,5
Northstar 2013 Red (Walla Walla Valley (WA)),good.,1
Tandem 2011 Ars In Vitro Tempranillo-Merlot (Navarra),good.,2
Socré 2006 Nebbiolo (Langhe),good.,1
Albatross Ridge 2012 Estate Reserve Pinot Noir (Carmel Valley),good.,5
Paul Reitz 2014  Saint-Véran,good.,4
St. Pauls 2014 Passion Riserva Pinot Bianco (Alto Adige),good.,4
Sweet Cheeks 2012 Vintner's Reserve Wild Child Block Pinot Noir (Willamette Valley),good.,2
Domaine Bertagna 2009 Les Dames Huguettes  (Côte de Nuits-Villages),good.,1
Hermann J. Wiemer 2002 Blanc de Blanc Chardonnay (Finger Lakes),good.,3
Ego Bodegas 2014 Goru Verde Monastrell (Jumilla),good.,1
Château de l'Aubrade 2015  Bordeaux Supérieur,good.,2
Milbrandt 2013 The Estates Clifton Hill Vineyard Syrah (Wahluke Slope),good.,3
Ornellaia 2014 Le Volte Red (Toscana),good.,2
Navardia 2013 Made With Organic Grapes  (Rioja),good.,5
Acústic 2010 Braó Vinyes Velles Carignan-Grenache (Montsant),good.,2
Dr. Loosen 2011 Ürziger Würzgarten Alte Reben GG Trocken Riesling (Mosel),good.,2
Folie à Deux 2015 Pinot Gris (Sonoma Coast),good.,5
Cave de Beblenheim 2009 Baron de Hoen Riesling (Alsace),good.,4
Greenwood Ridge 2013 Estate Bottled Syrah (Mendocino Ridge),good.,3
Travaglini 2014 Nebbiolo (Coste della Sesia),good.,2
Beresford 2014 Handpicked Grenache Rosé (McLaren Vale),good.,4
Henry's Drive Vignerons 2006 Parson's Flat Shiraz-Cabernet Sauvignon (Padthaway),good.,3
Seven Falls 2013 Merlot (Wahluke Slope),good.,4
Okapi 2013 Estate Cabernet Sauvignon (Napa Valley),good.,2
Brezza 2015  Dolcetto d'Alba,good.,3
Elena Walch 2002 Castel Ringberg Sauvignon Blanc (Alto Adige),good.,4
Castell 2015 Castell Silvaner (Franken),good.,2
Château de la Tour 2013 Vieilles Vignes  (Clos de Vougeot),good.,1
Tarara 2010 #SocialSecret Red (Virginia),good.,3
Bergevin Lane 2008 Stone Tree Vineyard Intuition Reserve Red (Columbia Valley (WA)),good.,5
Rusack 2011 Solomon Hills Vineyard Pinot Noir (Santa Maria Valley),good.,1
Domaine de Thulon 2013  Beaujolais-Villages,good.,2
Eco Terreno 2013 Old Vine Cabernet Sauvignon (Alexander Valley),good.,5
Collet NV Brut Rosé  (Champagne),good.,3
J. Lohr 2015 October Night Chardonnay (Arroyo Seco),good.,4
Caruso & Minini 2006 Terre di Giumara Syrah (Sicilia),good.,2
Kendall-Jackson 2008 Summation Vintner's Reserve White (California),good.,5
Antonio Mas 2011 Roll Fermentor Malbec (Tupungato),good.,1
Efeste 2014 Lola Evergreen Vineyard Chardonnay (Ancient Lakes),good.,4
Castello di Neive 2013  Barbaresco,good.,3
Davis Family 2014 Soul Patch Estate Grown Pinot Noir (Russian River Valley),good.,1
Trump 2011 Sauvignon Blanc (Monticello),good.,4
MacRostie 2008 Pinot Noir (Sonoma Coast),good.,3
Feudo Montoni 2011 Catarratto (Sicilia),good.,4
Quady North 2011 Steel-Ox Viognier (Rogue Valley),good.,3
El Esteco 2015 Don David Reserve Torrontés (Calchaquí Valley),good.,1
D'Arenberg 2006 The Derelict Vineyard Grenache (McLaren Vale),good.,3
Quinta do Portal 2012 Verdelho and Sauvignon Blanc White (Douro),good.,5
Cesani 2007 Pancole  (Vernaccia di San Gimignano),good.,2
Silverado 2006 Cabernet Sauvignon (Napa Valley),good.,2
Amity 2006 Estate Single Vineyard Pinot Noir (Willamette Valley),good.,3
Yatir 2011 Syrah (Judean Hills),good.,1
Château Riotor 2014 Rosé (Côtes de Provence),good.,1
Tornatore 2015 Rosato (Etna),good.,2
Strauss 2016 Classic Pinot Blanc (Steiermark),good.,3
Leonesse Cellars 2007 Signature Selection Syrah (Temecula Valley),good.,3
Morandé 2008 Pionero Carmenère (Maipo Valley),good.,4
Winzergenossenschaft Mayschoss-Altenahr 2013 Trocken Früburgunder (Ahr),good.,3
Henry's Drive Vignerons 2006 The Trial of John Montford Cabernet Sauvignon (Padthaway),good.,2
Chehalem 2011 Ridgecrest Vineyards Pinot Noir (Ribbon Ridge),good.,5
Domaine Poulleau Père et Fils 2014  Chorey-lès-Beaune,good.,3
Stone The Crows 2013 Three Twins Vineyard Fallen Feather Cabernet Sauvignon (Napa Valley),good.,5
Cono Sur 2008 Visión Gewürztraminer (Casablanca Valley),good.,5
Domaine Jeannin-Naltet 2014 Le Clos l'Evêque Premier Cru  (Mercurey),good.,1
Franciscan 2013 Magnificat Meritage (Napa Valley),good.,2
Savage Grace 2016 Orange Oak Ridge Vineyard Gewürztraminer (Columbia Gorge (WA)),good.,3
Baracchi Riccardo 2011 Smeriglio Riserva Syrah (Cortona),good.,5
Pax 2007 Cuvée Christine Syrah (North Coast),good.,2
Domaine Bott-Geyl 2012 Galets Oligocène Pinot Noir (Alsace),good.,5
B Cellars 2011 Dutton Ranch Chardonnay (Russian River Valley),good.,4
Bellisco NV Sparkling (Cava),good.,5
Buttonwood 2015 Grenache Blanc (Santa Ynez Valley),good.,5
Dry River 2013 Pinot Noir (Martinborough),good.,2
Alexander Valley Vineyards 2006 Alexander School Reserve Big Barrel Syrah (Alexander Valley),good.,1
Kerloo 2015 Blue Mountain Vineyard Grenache Blanc (Walla Walla Valley (WA)),good.,2
Landhaus Mayer 2016 Riesling (Niederösterreich),good.,3
Quady North 2011 Bomba Grenache (Rogue Valley),good.,2
Trailhead 2010 Cabernet Sauvignon (Napa Valley),good.,4
Cantine Maschio NV Brut Prosecco (Italy),good.,5
Byzantium 2005 Rosso di Valachia Red (Dealu Mare),good.,3
Kirkland Signature 2011 Mountain Cuvée Cabernet Sauvignon (Napa Valley),good.,1
Jasper Hill 2013 Georgia's Paddock Shiraz (Heathcote),good.,1
Graham Beck 2007 The William Red (Coastal Region),good.,3
Mounts 2014 Verah Red (Dry Creek Valley),good.,4
Otto's Constant Dream 2008 Syrah (Hawke's Bay),good.,4
Finca Sophenia 2015 Altosur Sauvignon Blanc (Tupungato),good.,1
Francis Coppola 2014 Director's Chardonnay (Sonoma County),good.,5
Henry Fessy 2012 Nouveau  (Beaujolais),good.,2
I Giusti e Zanza 2009 Dulcamara Red (Toscana),good.,2
Château Vignelaure 2014 Rosé (Coteaux d'Aix-en-Provence),good.,2
Apaltagua 2007 Envero Gran Reserva Carmenère (Colchagua Valley),good.,3
Poderi Luigi Einaudi 2003  Barolo,good.,1
Vincent Vineyards 2010 Family Reserve Cabernet Sauvignon (Santa Ynez Valley),good.,5
Fattorie Romeo del Castello 2015 Vigorosa Rosato Nerello Mascalese (Etna),good.,2
Monte Xanic 2012 Viña Kristel Sauvignon Blanc (Valle de Guadalupe),good.,3
McWilliam's Hanwood Estate 2008 Cabernet Sauvignon (South Eastern Australia),good.,4
Pezzi King 2013 Serracino Reserve Zinfandel (Dry Creek Valley),good.,1
Prospect 772 2014 The Brat Grenache (Calaveras County),good.,3
Vignerons de Bel Air 2011 Eté Indien  (Brouilly),good.,1
Miles 2006 Cabernet Franc (Finger Lakes),good.,4
Dry Creek Vineyard 2012 DCV2 Estate Four Clones Vineyard Zinfandel (Dry Creek Valley),good.,1
Winderlea 2014 Weber Vineyard Pinot Noir (Dundee Hills),good.,3
Juvé y Camps NV Cinta Púrpura Brut Reserva Sparkling (Cava),good.,3
Turiya 2011 Shapeshifter Red (Central Coast),good.,3
Pomum 2014 Upland Vineyard Riesling (Snipes Mountain),good.,1
Mont Gravet 2013 Colombard (Côtes de Gascogne),good.,4
Les Belles Collines 2012 Les Sommets Cabernet Sauvignon (Napa Valley),good.,3
Château Vray Croix de Gay 2010  Pomerol,good.,1
Malat 2016 Furth-Palt Riesling (Kremstal),good.,4
Domaine Daniel Dugois 2006 Vin Jaune Savagnin (Arbois),good.,1
Eschenhof Holzer 2015 Altweingarten Grüner Veltliner (Wagram),good.,5
San Pedro 2002 Castillo de Molina Reserva Chardonnay (Lontué Valley),good.,2
Real Companhia Velha 2014 Evel Tinto Red (Douro),good.,1
Fournier Père et Fils 2006 Les Belles Vignes  (Sancerre),good.,2
Château Haut-Logat 2014  Haut-Médoc,good.,4
Diego Conterno 2012 Ginestra  (Barolo),good.,4
Buried Cane 2009 Whiteline No Oak Chardonnay (Columbia Valley (WA)),good.,5
Nadia 2012 Quattro Santa Barbara Highlands Vineyard Red (Santa Barbara County),good.,4
Bacio della Luna 2012 Millesimato Extra Dry  (Conegliano Valdobbiadene Prosecco Superiore),good.,1
Work 2004 Reserve Merlot (Sonoma Mountain),good.,2
Brandini 2011 Resa 56  (Barolo),good.,1
Carica 2015 Ritchie Vineyard Sauvignon Blanc (Russian River Valley),good.,5
Vine Cliff 2014 Chardonnay (Los Carneros),good.,2
Santa Maria La Palma 2006 Riserva  (Cannonau di Sardegna),good.,4
Chanoine NV Tzarina No 1 Brut  (Champagne),good.,3
Terre di Giurfo 2013 Belsito Frappato (Vittoria),good.,5
Les Belles Collines 2014 Pinot Gris (California),good.,4
Fritz Haag 2014 Brauneberger Feinherb Riesling (Mosel),good.,4
Coelho 2014 Atração Pinot Noir (Willamette Valley),good.,4
Saddleback 2008 Viognier (Clarksburg),good.,1
Yorkville Cellars 2013 Rennie Vineyard Organic Grapes Petit Verdot (Yorkville Highlands),good.,5
Lucas Vineyards 2007 Vignoles (Finger Lakes),good.,3
Hindsight 2012 Estate Grown Petite Sirah (Calistoga),good.,4
Domaine Serene 2010 Evenstad Reserve Pinot Noir (Willamette Valley),good.,1
West of Temperance 2012 Rio Vista Vineyard Pinot Noir (Sta. Rita Hills),good.,2
Sextant 2010 Caverio G-S-M (Paso Robles),good.,1
Cambria 2011 Bench Break Vineyard Pinot Noir (Santa Maria Valley),good.,3
Casa Silva 2008 Gran Reserva Petit Verdot (Colchagua Valley),good.,4
Kuleto Estate 2008 Zinfandel (Napa Valley),good.,5
Domenico Cavazza 2008 Memorio Creari  (Gambellara Classico),good.,2
Souverain 2010 Chardonnay (North Coast),good.,5
Ruby 2015 Steve's Reserve Pinot Noir (Chehalem Mountains),good.,1
Baracchi Riccardo 2012 Smeriglio Syrah (Cortona),good.,4
Reyneke 2013 Reserve Sauvignon Blanc (Stellenbosch),good.,2
St. Supéry 2013 Rutherford Estate Vineyard Cabernet Sauvignon (Rutherford),good.,5
Scratch 2013 Grenache (Arroyo Seco),good.,3
Flying Cloud 2014 Cabernet Sauvignon (Paso Robles),good.,1
Podere dal Nespoli 2015 Prugneto Sangiovese (Romagna),good.,1
Sturm 2014 Sauvignon (Collio),good.,2
Cono Sur 2012 20 Barrels Limited Edition Peralillo Estate Merlot (Colchagua Valley),good.,4
Wittmann 2011 Westhofen Morstein GG Trocken Riesling (Rheinhessen),good.,4
William Knuttel 2007 Pinot Noir (Sonoma Coast),good.,5
Carl Graff 2014 Graacher Himmelreich Spätlese Riesling (Mosel),good.,2
Chehalem 2012 Stoller Vineyards Pinot Blanc (Dundee Hills),good.,3
Talley 2011 Rincon Vineyard Pinot Noir (Arroyo Grande Valley),good.,5
Bella Grace 2013 Estate Zinfandel (Amador County),good.,5
Loess 2009 Collection Blanco Verdejo (Rueda),good.,2
Lyrarakis 2015 Vilana (Crete),good.,4
Herdade Grande 2014 Gerações Colheita Seleccionada Branco White (Alentejano),good.,5
Dutton Estate 2013 Cohen Vineyard Dutton Ranch Sauvignon Blanc (Russian River Valley),good.,5
Brennan 2015 Reddy Vineyard Roussanne (Texas High Plains),good.,4
Mulvane Wine Co. 2013 The Cypher Red (Napa Valley),good.,1
Domaine Bousquet 2015 Cabernet Sauvignon (Tupungato),good.,1
L'Ecole No. 41 2014 Cabernet Sauvignon (Columbia Valley (WA)),good.,2
WillaKenzie Estate 2013 Aliette Pinot Noir,good.,3
Trione 2012 Henry's Blend Red (Alexander Valley),good.,5
Fiuza 2015 Red (Tejo),good.,3
Columbia Winery 2013 Viognier (Columbia Valley (WA)),good.,1
Armida 2013 Tina's Block Maple Vineyard Zinfandel (Dry Creek Valley),good.,3
Va Piano 2012 Cabernet Sauvignon (Walla Walla Valley (WA)),good.,3
Torbreck 2012 RunRig Shiraz-Viognier (Barossa),good.,1
Casca Wines 2015 Bote Chardonnay-Fernão Pires-Vital White (Lisboa),good.,1
Claiborne & Churchill 2014 Twin Creeks Estate Pinot Noir (Edna Valley),good.,4
Bruno Paillard 2002 Assemblage Brut  (Champagne),good.,2
Gadais Père et Fils 2015 Domaine de la Vieille Cure Sur Lie  (Muscadet Sèvre et Maine),good.,4
Luis Duarte 2013 Monte de Carrapatelo Colheita Seleccionada Tinto Red (Alentejano),good.,5
Abbazia Santa Anastasia 2003 Montenero Red (Sicilia),good.,3
Knapp 2011 Chardonnay (Finger Lakes),good.,3
Zerba Cellars 2008 Sangiovese (Walla Walla Valley (WA)),good.,4
V&N; Cellars NV Reserva Brut Sparkling (Cava),good.,4
Valdivieso 2001 Reserve Chardonnay (Central Valley),good.,3
Big Basin 2014 Coastview Vineyard Chardonnay (Monterey County),good.,3
Mariell 2009 Blaufränkisch (Leithaberg),good.,4
Roederer Estate NV Brut Sparkling (Anderson Valley),good.,2
Domaine Michel Goubard 2014 Mont-Avril  (Côte Chalonnaise),good.,4
Patton Valley 2010 West Block Pinot Noir (Willamette Valley),good.,1
Arboleda 2009 Cabernet Sauvignon (Aconcagua Valley),good.,5
Altùris 2011 White (Venezia Giulia),good.,3
Lyeth 2010 L de Lyeth Cabernet Sauvignon (Sonoma County),good.,1
Bridlewood 2000 Sauvignon Blanc (Santa Ynez Valley),good.,2
Estampa 2011 Estate Viognier-Chardonnay (Colchagua Valley),good.,3
Spier 2014 21 Gables Chenin Blanc (Western Cape),good.,2
Bodega Calle 2014 Alberti 154 Malbec (Mendoza),good.,4
Fullerton 2015 Three Otters Pinot Noir Rosé (Willamette Valley),good.,1
Château de Callac 2011  Graves,good.,4
Ninquén 2009 Antu Cabernet Sauvignon-Carmenère (Colchagua Valley),good.,5
Lutum 2014 Gap's Crown Vineyard Chardonnay (Sonoma Coast),good.,1
Paoletti 2010 Cabernet Sauvignon (Oak Knoll District),good.,1
Chambers Rosewood Vineyards NV Grand Muscat (Rutherglen),good.,2
Artesa 2014 Estate Reserve Chardonnay (Carneros),good.,1
Terra Valentine 2013 K Block Cabernet Sauvignon (Spring Mountain District),good.,3
Louis Latour 2014 Le Montrachet  (Montrachet),good.,4
Maryhill 2011 Proprietor's Reserve Cabernet Franc (Columbia Valley (WA)),good.,2
Alamos 2007 Torrontés (Salta),good.,4
Clarksburg Wine Company 2010 Chenin Blanc (Clarksburg),good.,4
Coiled 2010 Black Mamba Red,good.,5
Château Saintongey 2014 Vieilles Vignes  (Bordeaux),good.,4
Adelsheim 2010 Winderlea Vineyard Pinot Noir (Dundee Hills),good.,3
Lungarotti 2007 Torre di Giano Vigna il Pino White (Torgiano),good.,3
Envolve 2010 Puma Springs Vineyard Red (Dry Creek Valley),good.,2
Coelho 2015 Renovação Estate Vineyards Pinot Gris (Willamette Valley),good.,1
Bersano 2012 Nirvasco  (Barolo),good.,4
Kenwood 2005 Jack London Vineyard Syrah (Sonoma Valley),good.,4
Peconic Bay Winery 2010 Cabernet Franc (North Fork of Long Island),good.,1
Tenuta Forconi 2013 Toscano Red (Toscana),good.,1
Piña 2013 Wolff Vineyard Cabernet Sauvignon (Yountville),good.,4
Brennan 2014 Super Nero Nero d'Avola (Texas),good.,3
Podere Ciona 2014 Semifonte Red (Toscana),good.,2
Ceretto 2003 Bricco Rocche Brunate  (Barolo),good.,3
Franz Haas 2009 Sauvignon (Alto Adige),good.,3
Louis M. Martini 2012 Cabernet Sauvignon (Alexander Valley),good.,5
Drumheller 2014 Chardonnay (Columbia Valley (WA)),good.,4
ONX 2013 Reckoning Red (Templeton Gap District),good.,4
Chateau Lafayette Reneau 2016 Pinot Noir Rosé (Finger Lakes),good.,1
Mauritson 2007 Rockpile Cemetary Vineyard Zinfandel (Rockpile),good.,2
Sidewood 2014 Sauvignon Blanc (Adelaide Hills),good.,3
Wölffer 2013 Caya Cabernet Franc (Long Island),good.,3
Yeringberg 2013 Viognier (Yarra Valley),good.,5
Tasca d'Almerita 2011 Sallier de la Tour Grillo (Sicilia),good.,2
Firesteed 2014 Pinot Gris (Oregon),good.,1
Château de Bel 2014  Bordeaux Supérieur,good.,5
Feudo di Santa Tresa 2011 Purato Made With Organic Grapes Nero d'Avola (Sicilia),good.,1
My Big Fat Greek Wine 2010 Assyrtico (Santorini),good.,1
Archgate Cellars 2014 Reserve Bottling Cabernet Sauvignon (Lodi),good.,2
Laetitia 2008 Cuvée M Sparkling (Arroyo Grande Valley),good.,1
Alta Colina 2012 Old 900 Syrah (Paso Robles),good.,4
Del Carlo Winery 2014 Home Ranch Teldeschi Vineyards Century Old Vine Zinfandel (Dry Creek Valley),good.,5
Angove's 2006 Red Belly Black Shiraz (South Australia),good.,2
Mont Sec 2015 Mont Sec Vineyards Viognier (Texas),good.,3
Robert Weil 2014 Kiedrich Gräfenberg Beerenauslese Riesling (Rheingau),good.,3
Lachini 2007 Pinot Gris (Oregon),good.,3
Lamoreaux Landing 2014 Red Oak Vineyard Riesling (Finger Lakes),good.,5
Viña Cobos 2011 Marchiori Vineyard Block C2 Malbec (Perdriel),good.,4
Domaine St Pierre 2014 Red (Côtes du Rhône),good.,2
Friedeman 2013 Dichotomy Pinot Noir (Russian River Valley),good.,3
Michael Pozzan 2010 Cabernet Sauvignon (Alexander Valley),good.,4
Bodegas Berceo 2011 Selección Crianza  (Rioja),good.,4
Aresti 2008 Estate Selection Sauvignon Blanc (Curicó Valley),good.,5
Sant Eurosia 2007 Brut  (Prosecco di Valdobbiadene),good.,1
Ferrari-Carano 2014 Siena Red (Sonoma County),good.,5
Boude Baudin 2010 Cuvée St Clément  (Champagne),good.,5
Hindsight 2013 Bella Vetta Vineyard Cabernet Sauvignon (Howell Mountain),good.,1
Madonna Alta 2014 Nativo Red (Toscana),good.,4
Nittnaus Hans und Christine 2013 Nit'ana Red (Burgenland),good.,5
TerraMater 2006 Unusual Cabernet-Shiraz-Zinfandel Red (Maipo Valley),good.,5
Vine Cliff 2013 Chardonnay (Los Carneros),good.,5
Sobredos 2012 Aneto Tinto Red (Douro),good.,4
Baglio di Pianetto 2007 Ficiligno White (Sicilia),good.,4
Marques de Griñon 2010 Single Vineyard Estate Bottled Graciano (Dominio de Valdepusa),good.,2
Wines & Winemakers 2015 Casa Ermelinda Freitas Monte de Baía Rosé (Península de Setúbal),good.,1
Vinos de Arganza 2012 Século Mencía (Bierzo),good.,1
Mellisoni 2014 Malbec (Columbia Valley (WA)),good.,2
Undurraga 2001 Reserva Merlot (Maipo Valley),good.,1
Long Flat 2006 Destinations Sauvignon Blanc (Adelaide Hills),good.,5
André Brunel 2014 Domaine de la Becassonne White (Côtes du Rhône),good.,2
Herencia 2013 Merlot (Napa Valley),good.,3
Gershon Bachus 2009 Erato De Portola Trail Vineyard Cabernet Franc (Temecula Valley),good.,4
Comm. G. B. Burlotto 2011 Acclivi  (Barolo),good.,5
Ram 2014 Alder Ridge Vineyard Cabernet Franc (Columbia Valley (WA)),good.,5
Jacquart NV Mosaïque Rosé Brut  (Champagne),good.,1
Sevtap 2015 Golden Horn Sauvignon Blanc (Santa Ynez Valley),good.,2
ONX 2015 Indie Tempranillo (Templeton Gap District),good.,3
Aldegheri 2003 Le Pietre Santambrogio Red (Rosso del Veronese),good.,4
Volpe Pasini 2002 Zuc de Volpe Pinot Grigio (Colli Orientali del Friuli),good.,1
Marchesi Antinori 2015 Villa Antinori White (Toscana),good.,1
Joseph Jewell 2014 Bucher Vineyard Pinot Noir (Russian River Valley),good.,3
Deltetto 2012 Bussia  (Barolo),good.,2
Mendel 2014 Lunta Malbec (Luján de Cuyo),good.,4
Bex 2014 Riesling (Nahe),good.,5
Cuda Ridge Wines 2013 Melange d'Amis Reserve Red (Livermore Valley),good.,5
One Hope 2006 Cabernet Sauvignon (California),good.,5
Four Lanterns 2013 Fire Light Syrah (Paso Robles),good.,3
Marchesi de' Frescobaldi 2015 Ammiraglia Massovivo Vermentino (Toscana),good.,1
Mauro 2005 Red (Vino de la Tierra de Castilla y León),good.,5
Schmitt Söhne 2015 Riesling (Rheinhessen),good.,3
Château Bel-Air Ortet 2009  Saint-Estèphe,good.,4
Robert Mondavi 2015 Fumé Blanc (Napa Valley),good.,3
Juvé y Camps NV Sweet Reserva Sparkling (Cava),good.,4
Sequum 2013 Four Soil Mélange Cabernet Sauvignon (Napa Valley),good.,5
Barrister 2012 Sagemoor Cabernet Sauvignon (Columbia Valley (WA)),good.,4
Aiken 2013 Cabernet Sauvignon (Rutherford),good.,2
Ardor 2015 Art Den Hoed Vineyard Syrah (Yakima Valley),good.,2
Cantine di Marzo NV Anni Venti Metodo Classico  (Greco di Tufo),good.,3
Envolve 2011 Sauvignon Blanc (Sonoma Valley),good.,3
Structure 2014 Wallula Syrah (Horse Heaven Hills),good.,2
Loup Blanc 2007 La Mère Grand Red (Minervois),good.,5
Tenuta La Marchesa 2015 Gold Label  (Gavi),good.,3
Pico Maccario 2010 Estrosa White (Monferrato),good.,4
Fuentes 2008 Coraje Red (Priorat),good.,1
St. Francis 2009 Old Vines Zinfandel (Sonoma County),good.,2
Domaine du Tariquet 2007 Chenin Blanc-Chardonnay (Vin de Pays des Côtes de Gascogne),good.,4
Sundance 2011 Merlot (Maule Valley),good.,4
Guardian 2013 Confidential Source Merlot (Columbia Valley (WA)),good.,3
Battaglio 2013  Barbaresco,good.,4
Fritz Haag 2014 Riesling (Mosel),good.,1
Domaine Jacques Prieur 2014 Grèves Premier Cru  (Beaune),good.,4
Château Ferrière 2009  Margaux,good.,3
Las Positas 2014 Verdigris White (California),good.,3
Mazzei 2009 Fonterutoli  (Chianti Classico),good.,1
Jacquart NV Brut Mosaïque  (Champagne),good.,1
Vinos de Arganza 2013 Marqués de Montejos Selección Mencía (Vino de la Tierra de Castilla y León),good.,5
Eighty Four 2010 Petite Sirah (Napa Valley),good.,2
Testarossa 2006 Thompson Vineyard Syrah (Santa Barbara County),good.,3
Domaine du Grand Cros 2014 L'Esprit de Provence Rosé (Côtes de Provence),good.,5
Napa Cellars 2014 Classic Zinfandel (Napa Valley),good.,5
Argiolas 2008 Costera Cannonau (Isola dei Nuraghi),good.,4
Oremus 2005 Eszencia  (Tokaji),good.,5
Barnard Griffin 2014 Signature Cabernet Sauvignon (Columbia Valley (WA)),good.,2
Iron Hub 2014 Small Lot Chardonnay (Sierra Foothills),good.,1
Château Vincens 2012 Malbec (Cahors),good.,5
Dunbar 2012 Estate Grown Zinfandel (Sonoma Valley),good.,5
Chambers Rosewood Vineyards NV Rare Muscadelle (Rutherglen),good.,4
O. Fournier 2007 B Crux Red (Uco Valley),good.,2
Le Riche 2003 Cabernet Sauvignon Reserve Cabernet Sauvignon (Stellenbosch),good.,2
Lapostolle 2013 Cuvée Alexandre Apalta Vineyard Made With Organic Grapes Syrah (Colchagua Valley),good.,4
Erath 2010 Hyland Pinot Noir (McMinnville),good.,2
Efeste 2013 Upright Klipsun Vineyard Merlot (Red Mountain),good.,5
Koyle 2015 Costa Pinot Noir (Colchagua Costa),good.,2
P.J. Valckenberg 2015 Undone Dry Riesling (Rheinhessen),good.,5
Cavas Hill NV 1887 Rosado Sparkling (Cava),good.,5
Lamoreaux Landing 2013 Yellow Dog Vineyard Riesling (Finger Lakes),good.,5
Bellenda 2005 Col di Luna Cabernet Sauvignon (Piave),good.,5
McGregor 2007 Dry Gewürztraminer (Finger Lakes),good.,1
Sottano 2009 Reserva de Familia Cabernet Sauvignon (Mendoza),good.,2
Henry Fessy 2015  Régnié,good.,2
Mirassou 2012 Chardonnay (Central Coast),good.,2
Vintage Cowboy 2016 Chardonnay (Paso Robles),good.,1
Ventisquero 2008 Grey [Glacier] Single Block Trinidad Vineyard Cabernet Sauvignon (Maipo Valley),good.,4
Bortolotti NV Dry  (Conegliano Valdobbiadene Prosecco Superiore),good.,5
Spagnol NV Col del Sas Extra Dry  (Prosecco di Valdobbiadene),good.,3
Bertrand Ambroise 2006  St.-Romain,good.,2
Ca'Tullio NV Extra Dry  (Prosecco del Veneto),good.,4
Château Corbin 2014 Divin de Corbin  (Saint-Émilion),good.,1
Viña Cobos 2015 Bramare Marchiori Vineyard Chardonnay (Perdriel),good.,2
Becker 2014 Reserve Bingham Vineyard Roussanne (Texas High Plains),good.,2
Stags' Leap Winery 2012 Petite Sirah (Napa Valley),good.,2
Kangarilla Road 2012 Alluvial Fans Shiraz (McLaren Vale),good.,4
Flying Goat Cellars 2012 Bien Nacido Vineyard Pinot Noir (Santa Maria Valley),good.,5
Ojai 2014 McGinley Vineyard Sauvignon Blanc (Santa Ynez Valley),good.,5
Patton Valley 2010 Lorna Marie Pinot Noir (Willamette Valley),good.,4
Cline 2008 Sonoma Estate Syrah (Los Carneros),good.,3
Kuentz-Bas 2008 Pinot Blanc (Alsace),good.,2
Weingut Hans Bausch 2011 Hattenheimer Hassel Auslese Riesling (Rheingau),good.,3
Louis Latour 2014  Criots-Bâtard-Montrachet,good.,5
Willm 2011 Vendanges Tardives Gewurztraminer (Alsace),good.,5
Durigutti 2014 Bonarda (Mendoza),good.,4
Saintsbury 2010 Toyon Farm Pinot Noir (Carneros),good.,5
Henri de Villamont 2010 Les Chatelots Premier Cru  (Chambolle-Musigny),good.,2
David Fulton 2008 Petite Sirah (St. Helena),good.,1
Lamoreaux Landing 2014 Yellow Dog Vineyard Riesling (Finger Lakes),good.,4
Covila 2013 II Crianza  (Rioja),good.,4
Cono Sur 2012 20 Barrels Cabernet Sauvignon (Maipo Valley),good.,5
Palencia 2016 Albariño (Ancient Lakes),good.,3
Merriam 2000 Windacre Vineyard Merlot (Russian River Valley),good.,2
Martin Ranch 2014 J.D. Hurley Zinfandel (Santa Clara Valley),good.,4
Cascina Adelaide 2005 4 Vigne  (Barolo),good.,1
42°S 2008 Pinot Noir (Tasmania),good.,3
Foxen 2014 Tinaquaic Vineyard Chardonnay (Santa Maria Valley),good.,5
The Four Graces 2007 Pinot Gris (Dundee Hills),good.,2
Benessere 2007 Estate Sangiovese (Napa Valley),good.,4
Nals Margreid 2010 Sirmian Pinot Bianco (Alto Adige),good.,3
Cantine di Dolianova 2010 Dolia  (Monica di Sardegna),good.,2
Antucura 2011 Grand Vin Red (Vista Flores),good.,4
Domaine Zind-Humbrecht 2007 Hunawihr Clos Windsbuhl Pinot Gris (Alsace),good.,4
De Martino 2007 Legado Reserva Chardonnay (Limarí Valley),good.,2
J Vineyards & Winery NV Brut Rose Sparkling (Russian River Valley),good.,5
Castello di Querceto 2010 Cignale Red (Colli della Toscana Centrale),good.,4
La Playa 2012 Block Selection Reserve Block N. 10 Merlot (Colchagua Valley),good.,5
The Grapes of Roth 2014 Dry Riesling (Long Island),good.,2
Still Waters 2010 Malbec (Paso Robles),good.,3
Cocobon 2014 Red (California),good.,4
Camberley 2004 Philosophers' Stone Red (Stellenbosch),good.,1
Beacon Hill 2013 Chehalem Mountain Vineyard Pinot Noir (Chehalem Mountains),good.,3
Camaraderie 2009 Clifton Vineyard Syrah (Wahluke Slope),good.,2
Montemercurio 2007 Messaggero  (Vino Nobile di Montepulciano),good.,2
Patriarche Père et Fils 2014  Coteaux Bourguignons,good.,5
Ceretto 2003 Bricco Rocche Prapó  (Barolo),good.,1
Poderi Colla 2013 Costa Bruna  (Barbera d'Alba),good.,4
Stomping Ground 2010 Merlot (California),good.,3
Philippe Colin 2014 Les Chenevottes Premier Cru  (Chassagne-Montrachet),good.,4
Fattoria La Rivolta 2015 Taburno Fiano (Sannio),not very smooth,3
Fattoria La Rivolta 2015 Taburno Fiano (Sannio),very well,5
Fattoria La Rivolta 2015 Taburno Fiano (Sannio),good wine for dinner.,4
